GO
insert into Osoby (Imie, Nazwisko, [Nr Telefonu], Miejscowosc, Ulica, [Nr domu], Email, Plec) values ('Morena', 'Shrigley', '461535814', 'Nerokoúros', 'Warbler', '8', 'mshrigley0@mail.ru', 'F');
insert into Osoby (Imie, Nazwisko, [Nr Telefonu], Miejscowosc, Ulica, [Nr domu], Email, Plec) values ('Tedie', 'Duchant', '567979005', 'Heyou', 'Clarendon', '51910', 'tduchant1@nytimes.com', 'M');
insert into Osoby (Imie, Nazwisko, [Nr Telefonu], Miejscowosc, Ulica, [Nr domu], Email, Plec) values ('Jerrilee', 'Loveridge', '250215830', 'Patria', 'Eagle Crest', '32', 'jloveridge2@bizjournals.com', 'F');
insert into Osoby (Imie, Nazwisko, [Nr Telefonu], Miejscowosc, Ulica, [Nr domu], Email, Plec) values ('Reid', 'Willmett', '902702540', 'Kamyshevka Vtoraya', 'Heffernan', '11519', 'rwillmett3@opensource.org', 'M');
insert into Osoby (Imie, Nazwisko, [Nr Telefonu], Miejscowosc, Ulica, [Nr domu], Email, Plec) values ('Godwin', 'Swatten', '984303573', 'Nanzhao', 'Loomis', '06429', 'gswatten4@mtv.com', 'M');
insert into Osoby (Imie, Nazwisko, [Nr Telefonu], Miejscowosc, Ulica, [Nr domu], Email, Plec) values ('Daisey', 'Ezzell', '418698507', 'Kanazawa-shi', 'Donald', '4', 'dezzell5@icio.us', 'F');
insert into Osoby (Imie, Nazwisko, [Nr Telefonu], Miejscowosc, Ulica, [Nr domu], Email, Plec) values ('Umeko', 'Shenfish', '663878313', 'Bertioga', 'Donald', '8055', 'ushenfish6@netlog.com', 'F');
insert into Osoby (Imie, Nazwisko, [Nr Telefonu], Miejscowosc, Ulica, [Nr domu], Email, Plec) values ('Archibald', 'Ogan', '629220838', 'Buyuan', 'Prairieview', '7', 'aogan7@sakura.ne.jp', 'M');
insert into Osoby (Imie, Nazwisko, [Nr Telefonu], Miejscowosc, Ulica, [Nr domu], Email, Plec) values ('Gerladina', 'Overstreet', '577263281', 'Khemisset', 'Blue Bill Park', '98', 'goverstreet8@reuters.com', 'F');
insert into Osoby (Imie, Nazwisko, [Nr Telefonu], Miejscowosc, Ulica, [Nr domu], Email, Plec) values ('Ethelind', 'Jira', '420441069', 'Dobrich', 'Saint Paul', '345', 'ejira9@about.me', 'F');
insert into Osoby (Imie, Nazwisko, [Nr Telefonu], Miejscowosc, Ulica, [Nr domu], Email, Plec) values ('Kellen', 'Gladdifh', '363274889', 'Jiaocheng', 'Johnson', '02', 'kgladdifha@wsj.com', 'F');
insert into Osoby (Imie, Nazwisko, [Nr Telefonu], Miejscowosc, Ulica, [Nr domu], Email, Plec) values ('Nathan', 'Titterell', '975271040', 'Vrýses', 'Pleasure', '04', 'ntitterellb@is.gd', 'M');
insert into Osoby (Imie, Nazwisko, [Nr Telefonu], Miejscowosc, Ulica, [Nr domu], Email, Plec) values ('Casper', 'Yglesias', '376951602', 'Sankt Andrä-Höch', 'Johnson', '071', 'cyglesiasc@studiopress.com', 'M');
insert into Osoby (Imie, Nazwisko, [Nr Telefonu], Miejscowosc, Ulica, [Nr domu], Email, Plec) values ('Viviana', 'Benettolo', '082006623', 'České Meziříčí', 'Vernon', '542', 'vbenettolod@reference.com', 'F');
insert into Osoby (Imie, Nazwisko, [Nr Telefonu], Miejscowosc, Ulica, [Nr domu], Email, Plec) values ('Raff', 'Lothean', '180560206', 'Liushun', 'Johnson', '249', 'rlotheane@nasa.gov', 'M');
insert into Osoby (Imie, Nazwisko, [Nr Telefonu], Miejscowosc, Ulica, [Nr domu], Email, Plec) values ('Iorgo', 'Redhouse', '756701612', 'Nusaherang', 'Village Green', '3', 'iredhousef@prweb.com', 'M');
insert into Osoby (Imie, Nazwisko, [Nr Telefonu], Miejscowosc, Ulica, [Nr domu], Email, Plec) values ('Cherilyn', 'Dufaire', '443573390', 'Vizal San Pablo', 'Derek', '60772', 'cdufaireg@free.fr', 'F');
insert into Osoby (Imie, Nazwisko, [Nr Telefonu], Miejscowosc, Ulica, [Nr domu], Email, Plec) values ('Willy', 'Glowach', '858573787', 'Dasuhe', 'Monument', '95', 'wglowachh@latimes.com', 'M');
insert into Osoby (Imie, Nazwisko, [Nr Telefonu], Miejscowosc, Ulica, [Nr domu], Email, Plec) values ('Rheba', 'McGirl', '255835023', 'Irbid', 'Lakewood Gardens', '03', 'rmcgirli@unblog.fr', 'F');
insert into Osoby (Imie, Nazwisko, [Nr Telefonu], Miejscowosc, Ulica, [Nr domu], Email, Plec) values ('Celestia', 'Pinock', '537432746', 'Jendouba', 'Brown', '97602', 'cpinockj@nature.com', 'F');
insert into Osoby (Imie, Nazwisko, [Nr Telefonu], Miejscowosc, Ulica, [Nr domu], Email, Plec) values ('Roderick', 'Gaddas', '120597053', 'Karawatu', 'Kipling', '298', 'rgaddask@jalbum.net', 'M');
insert into Osoby (Imie, Nazwisko, [Nr Telefonu], Miejscowosc, Ulica, [Nr domu], Email, Plec) values ('Josi', 'Bouette', '141513280', 'Sindangkerta', 'Corben', '55543', 'jbouettel@hostgator.com', 'F');
insert into Osoby (Imie, Nazwisko, [Nr Telefonu], Miejscowosc, Ulica, [Nr domu], Email, Plec) values ('Adriaens', 'Menat', '527267666', 'Shingū', 'Carioca', '5960', 'amenatm@cpanel.net', 'F');
insert into Osoby (Imie, Nazwisko, [Nr Telefonu], Miejscowosc, Ulica, [Nr domu], Email, Plec) values ('Janel', 'Titlow', '040668136', 'Tayug', 'Village', '1', 'jtitlown@bigcartel.com', 'F');
insert into Osoby (Imie, Nazwisko, [Nr Telefonu], Miejscowosc, Ulica, [Nr domu], Email, Plec) values ('Warren', 'Menendes', '100312906', 'Clichy', 'Summerview', '10', 'wmenendeso@bandcamp.com', 'M');
insert into Osoby (Imie, Nazwisko, [Nr Telefonu], Miejscowosc, Ulica, [Nr domu], Email, Plec) values ('Merola', 'Kubas', '177853188', 'Las Animas', 'Lakewood Gardens', '39', 'mkubasp@hhs.gov', 'F');
insert into Osoby (Imie, Nazwisko, [Nr Telefonu], Miejscowosc, Ulica, [Nr domu], Email, Plec) values ('Sashenka', 'Elmhurst', '148251782', 'Shanting', 'Fisk', '268', 'selmhurstq@wordpress.com', 'F');
insert into Osoby (Imie, Nazwisko, [Nr Telefonu], Miejscowosc, Ulica, [Nr domu], Email, Plec) values ('Elysha', 'Balshaw', '713553414', 'Temenggungan', 'Corben', '01', 'ebalshawr@wisc.edu', 'F');
insert into Osoby (Imie, Nazwisko, [Nr Telefonu], Miejscowosc, Ulica, [Nr domu], Email, Plec) values ('Arabella', 'Haskell', '334908965', 'Emiliano Zapata', 'Linden', '8', 'ahaskells@cyberchimps.com', 'F');
insert into Osoby (Imie, Nazwisko, [Nr Telefonu], Miejscowosc, Ulica, [Nr domu], Email, Plec) values ('Britte', 'Sibary', '245662637', 'Tshikapa', 'Kedzie', '7', 'bsibaryt@tinypic.com', 'F');
insert into Osoby (Imie, Nazwisko, [Nr Telefonu], Miejscowosc, Ulica, [Nr domu], Email, Plec) values ('Kayne', 'Tyson', '109728730', 'Hongling', 'Daystar', '63853', 'ktysonu@flavors.me', 'M');
insert into Osoby (Imie, Nazwisko, [Nr Telefonu], Miejscowosc, Ulica, [Nr domu], Email, Plec) values ('Johnathon', 'Biffin', '883753616', 'Lugo', 'Homewood', '07911', 'jbiffinv@diigo.com', 'M');
insert into Osoby (Imie, Nazwisko, [Nr Telefonu], Miejscowosc, Ulica, [Nr domu], Email, Plec) values ('Vonny', 'Corbally', '914586637', 'Maguwon', 'Huxley', '34698', 'vcorballyw@jiathis.com', 'F');
insert into Osoby (Imie, Nazwisko, [Nr Telefonu], Miejscowosc, Ulica, [Nr domu], Email, Plec) values ('Bax', 'Taudevin', '138591892', 'Dorval', 'Fallview', '51970', 'btaudevinx@google.pl', 'M');
insert into Osoby (Imie, Nazwisko, [Nr Telefonu], Miejscowosc, Ulica, [Nr domu], Email, Plec) values ('Amalee', 'Joselevitz', '673025827', 'Ngandangan', 'Kensington', '7', 'ajoselevitzy@etsy.com', 'F');
insert into Osoby (Imie, Nazwisko, [Nr Telefonu], Miejscowosc, Ulica, [Nr domu], Email, Plec) values ('Sibbie', 'Macallam', '635937874', 'Adelaide Mail Centre', 'Lawn', '3', 'smacallamz@bloglovin.com', 'F');
insert into Osoby (Imie, Nazwisko, [Nr Telefonu], Miejscowosc, Ulica, [Nr domu], Email, Plec) values ('Twyla', 'Ditt', '236064442', 'Kuala Lumpur', 'Fordem', '70259', 'tditt10@bloglines.com', 'F');
insert into Osoby (Imie, Nazwisko, [Nr Telefonu], Miejscowosc, Ulica, [Nr domu], Email, Plec) values ('Koren', 'Maddin', '106341759', 'Kup', 'Scofield', '57', 'kmaddin11@tuttocitta.it', 'F');
insert into Osoby (Imie, Nazwisko, [Nr Telefonu], Miejscowosc, Ulica, [Nr domu], Email, Plec) values ('Renata', 'Horsell', '304360267', 'Vetluzhskiy', 'Mesta', '5356', 'rhorsell12@ucsd.edu', 'F');
insert into Osoby (Imie, Nazwisko, [Nr Telefonu], Miejscowosc, Ulica, [Nr domu], Email, Plec) values ('Allayne', 'Suttill', '565217707', 'Isyangulovo', 'Heath', '4837', 'asuttill13@dailymotion.com', 'M');
insert into Osoby (Imie, Nazwisko, [Nr Telefonu], Miejscowosc, Ulica, [Nr domu], Email, Plec) values ('Cosme', 'Garrish', '280969686', 'Baishuiyang', 'Texas', '66', 'cgarrish14@dailymail.co.uk', 'M');
insert into Osoby (Imie, Nazwisko, [Nr Telefonu], Miejscowosc, Ulica, [Nr domu], Email, Plec) values ('Barnett', 'Seeley', '709357362', 'Girihieum', 'Moose', '8097', 'bseeley15@msu.edu', 'M');
insert into Osoby (Imie, Nazwisko, [Nr Telefonu], Miejscowosc, Ulica, [Nr domu], Email, Plec) values ('Ogdan', 'Mickleburgh', '777803914', 'Tanabe', 'Warner', '368', 'omickleburgh16@washingtonpost.com', 'M');
insert into Osoby (Imie, Nazwisko, [Nr Telefonu], Miejscowosc, Ulica, [Nr domu], Email, Plec) values ('Ettie', 'Hindrich', '641109642', 'Minle', 'Bluestem', '3', 'ehindrich17@acquirethisname.com', 'F');
insert into Osoby (Imie, Nazwisko, [Nr Telefonu], Miejscowosc, Ulica, [Nr domu], Email, Plec) values ('Dougie', 'Jollie', '994873739', 'Shuangyang', 'Buell', '06295', 'djollie19@rediff.com', 'M');
insert into Osoby (Imie, Nazwisko, [Nr Telefonu], Miejscowosc, Ulica, [Nr domu], Email, Plec) values ('Abbe', 'Tilmouth', '441353151', 'Dipayal', 'Cherokee', '917', 'atilmouth1a@free.fr', 'F');
insert into Osoby (Imie, Nazwisko, [Nr Telefonu], Miejscowosc, Ulica, [Nr domu], Email, Plec) values ('Daisi', 'Chestle', '923016037', 'Jiaodai', 'Almo', '40', 'dchestle1b@umn.edu', 'F');
insert into Osoby (Imie, Nazwisko, [Nr Telefonu], Miejscowosc, Ulica, [Nr domu], Email, Plec) values ('Shea', 'Cliff', '402782936', 'Mogotes', 'Sheridan', '3474', 'scliff1c@japanpost.jp', 'M');
insert into Osoby (Imie, Nazwisko, [Nr Telefonu], Miejscowosc, Ulica, [Nr domu], Email, Plec) values ('Alfonso', 'Whicher', '517555274', 'Otok', 'Marquette', '9', 'awhicher1d@mac.com', 'M');

insert into Klienci (ID) values (1);
insert into Klienci (ID) values (2);
insert into Klienci (ID) values (3);
insert into Klienci (ID) values (4);
insert into Klienci (ID) values (5);
insert into Klienci (ID) values (6);
insert into Klienci (ID) values (7);
insert into Klienci (ID) values (8);
insert into Klienci (ID) values (9);
insert into Klienci (ID) values (10);
insert into Klienci (ID) values (11);
insert into Klienci (ID) values (12);
insert into Klienci (ID) values (13);
insert into Klienci (ID) values (14);
insert into Klienci (ID) values (15);
insert into Klienci (ID) values (16);
insert into Klienci (ID) values (17);
insert into Klienci (ID) values (18);
insert into Klienci (ID) values (19);
insert into Klienci (ID) values (20);
insert into Klienci (ID) values (21);
insert into Klienci (ID) values (22);
insert into Klienci (ID) values (23);
insert into Klienci (ID) values (24);
insert into Klienci (ID) values (25);
insert into Klienci (ID) values (26);
insert into Klienci (ID) values (27);
insert into Klienci (ID) values (28);
insert into Klienci (ID) values (29);
insert into Klienci (ID) values (30);
insert into Klienci (ID) values (31);
insert into Klienci (ID) values (32);
insert into Klienci (ID) values (33);
insert into Klienci (ID) values (34);
insert into Klienci (ID) values (35);
insert into Klienci (ID) values (36);
insert into Klienci (ID) values (37);
insert into Klienci (ID) values (38);
insert into Klienci (ID) values (39);
insert into Klienci (ID) values (40);

insert into Pracownicy(ID, Stawka, PESEL, [Data zatrudnienia]) values (41, '$3911.61', '99823207922', '2021-06-16');
insert into Pracownicy (ID, Stawka, PESEL, [Data zatrudnienia]) values (42, '$2911.44', '74006602964', '2022-03-16');
insert into Pracownicy (ID, Stawka, PESEL, [Data zatrudnienia]) values (43, '$4378.53', '06674718833', '2019-11-15');
insert into Pracownicy (ID, Stawka, PESEL, [Data zatrudnienia]) values (44, '$4223.92', '99938418415', '2022-04-16');
insert into Pracownicy (ID, Stawka, PESEL, [Data zatrudnienia]) values (45, '$1758.94', '09962779176', '2022-04-16');
insert into Pracownicy (ID, Stawka, PESEL, [Data zatrudnienia]) values (46, '$3812.88', '12480905428', '2022-05-12');
insert into Pracownicy (ID, Stawka, PESEL, [Data zatrudnienia]) values (47, '$4086.22', '68961097592', '2022-10-29');
insert into Pracownicy (ID, Stawka, PESEL, [Data zatrudnienia]) values (49, '$4790.27', '17950564886', '2021-08-11');
insert into Pracownicy (ID, Stawka, PESEL, [Data zatrudnienia]) values (48, '$4632.48', '94935793850', '2022-02-12');

insert into Urlopy (ID, [Od kiedy], [Do kiedy]) values (41, '2021-09-26', '2022-06-11');
insert into Urlopy (ID, [Od kiedy], [Do kiedy]) values (41, '2020-09-26', '2020-10-11');
insert into Urlopy (ID, [Od kiedy], [Do kiedy]) values (41, '2022-09-26', '2022-12-11');
insert into Urlopy (ID, [Od kiedy], [Do kiedy]) values (42, '2021-11-19', '2022-01-29');
insert into Urlopy (ID, [Od kiedy], [Do kiedy]) values (43, '2022-01-20', '2022-05-15');
insert into Urlopy (ID, [Od kiedy], [Do kiedy]) values (44, '2021-11-21', '2022-10-22');
insert into Urlopy (ID, [Od kiedy], [Do kiedy]) values (45, '2020-12-18', '2022-08-05');
insert into Urlopy (ID, [Od kiedy], [Do kiedy]) values (46, '2021-04-15', '2022-10-26');
insert into Urlopy (ID, [Od kiedy], [Do kiedy]) values (47, '2020-12-21', '2022-09-11');
insert into Urlopy (ID, [Od kiedy], [Do kiedy]) values (48, '2021-07-02', '2022-04-18');
insert into Urlopy (ID, [Od kiedy], [Do kiedy]) values (49, '2022-03-25', '2022-05-13');
insert into Urzadzenia ([ID klienta], [Typ], [Marka], [Nr seryjny], [Model], [Opis]) values (1, 'Monitor', 'Lenovo', '47156117', 'Swift 3', '');
insert into Urzadzenia ([ID klienta], [Typ], [Marka], [Nr seryjny], [Model], [Opis]) values (2, 'Komputer', 'Lenovo', '30498426', 'Mp Pixma 280', 'Procesor Intel Core i5; Ram 16GB; Dysk 512GB; Karta graficzna Nvidia GeForce 1080');
insert into Urzadzenia ([ID klienta], [Typ], [Marka], [Nr seryjny], [Model], [Opis]) values (3, 'Komputer', 'HP', '99425071', 'Apisre 7', 'Procesor Intel Core i5; Ram 16GB; Dysk 512GB; Karta graficzna Nvidia GeForce 1080');
insert into Urzadzenia ([ID klienta], [Typ], [Marka], [Nr seryjny], [Model], [Opis]) values (4, 'Komputer', 'Apple', '69118204', 'Mp Pixma 320', '');
insert into Urzadzenia ([ID klienta], [Typ], [Marka], [Nr seryjny], [Model], [Opis]) values (5, 'Laptop', 'Dell', '42883895', 'VivoBook', 'Procesor Intel Core i5; Ram 16GB; Dysk 1TB; Karta graficzna Nvidia GeForce 980');
insert into Urzadzenia ([ID klienta], [Typ], [Marka], [Nr seryjny], [Model], [Opis]) values (6, 'Monitor', 'HP', '72440126', 'G151', '');
insert into Urzadzenia ([ID klienta], [Typ], [Marka], [Nr seryjny], [Model], [Opis]) values (7, 'Monitor', 'LG', '46950585', 'Victus 16', '');
insert into Urzadzenia ([ID klienta], [Typ], [Marka], [Nr seryjny], [Model], [Opis]) values (1, 'Laptop', 'HP', '26517375', 'Apisre 7', 'Procesor Intel Core i3; Ram 16GB; Dysk 512GB; Karta graficzna Nvidia GeForce 980');
insert into Urzadzenia ([ID klienta], [Typ], [Marka], [Nr seryjny], [Model], [Opis]) values (9, 'Monitor', 'Apple', '71268134', '', 'Procesor Intel Core i3; Ram 16GB; Dysk 512GB; Karta graficzna Nvidia GeForce 980');
insert into Urzadzenia ([ID klienta], [Typ], [Marka], [Nr seryjny], [Model], [Opis]) values (10, 'Monitor', 'LG', '73706471', 'Swift 3', 'Procesor Intel Core i3; Ram 16GB; Dysk 512GB; Karta graficzna Nvidia GeForce 980');
insert into Urzadzenia ([ID klienta], [Typ], [Marka], [Nr seryjny], [Model], [Opis]) values (1, 'Drukarka', 'Dell', '76702207', 'Swift 3', 'Procesor Intel Core i7; Ram 16GB; Dysk 512GB; Karta graficzna Nvidia GeForce 980');
insert into Urzadzenia ([ID klienta], [Typ], [Marka], [Nr seryjny], [Model], [Opis]) values (12, 'Drukarka', 'Apple', '82747129', 'UltraPC', 'Procesor Intel Core i3; Ram 16GB; Dysk 512GB; Karta graficzna Nvidia GeForce 980');
insert into Urzadzenia ([ID klienta], [Typ], [Marka], [Nr seryjny], [Model], [Opis]) values (13, 'Laptop', 'Apple', '42810993', 'Mp Pixma 320', 'Procesor Intel Core i5; Ram 16GB; Dysk 1TB; Karta graficzna Nvidia GeForce 980');
insert into Urzadzenia ([ID klienta], [Typ], [Marka], [Nr seryjny], [Model], [Opis]) values (14, 'Laptop', 'Dell', '17324504', 'Mp Pixma 320', 'Procesor Intel Core i3; Ram 16GB; Dysk 512GB; Karta graficzna Nvidia GeForce 980');
insert into Urzadzenia ([ID klienta], [Typ], [Marka], [Nr seryjny], [Model], [Opis]) values (15, 'Komputer', 'LG', '77257570', 'Apisre 7', '');
insert into Urzadzenia ([ID klienta], [Typ], [Marka], [Nr seryjny], [Model], [Opis]) values (16, 'Monitor', 'Samsung', '56445867', 'Swift 3', 'Procesor Intel Core i7; Ram 16GB; Dysk 512GB; Karta graficzna Nvidia GeForce 980');
insert into Urzadzenia ([ID klienta], [Typ], [Marka], [Nr seryjny], [Model], [Opis]) values (17, 'Monitor', 'Dell', '18365193', '', '');
insert into Urzadzenia ([ID klienta], [Typ], [Marka], [Nr seryjny], [Model], [Opis]) values (18, 'Drukarka', 'HP', '93385434', '', 'Procesor Intel Core i5; Ram 16GB; Dysk 1TB; Karta graficzna Nvidia GeForce 980');
insert into Urzadzenia ([ID klienta], [Typ], [Marka], [Nr seryjny], [Model], [Opis]) values (19, 'Komputer', 'HP', '43486847', 'Swift 3', 'Procesor Intel Core i5; Ram 16GB; Dysk 512GB; Karta graficzna Nvidia GeForce 1080');
insert into Urzadzenia ([ID klienta], [Typ], [Marka], [Nr seryjny], [Model], [Opis]) values (20, 'Komputer', 'Dell', '35704183', 'Mp Pixma 320', 'Procesor Intel Core i3; Ram 16GB; Dysk 512GB; Karta graficzna Nvidia GeForce 980');
insert into Urzadzenia ([ID klienta], [Typ], [Marka], [Nr seryjny], [Model], [Opis]) values (21, 'Laptop', 'Acer', '92295136', 'Legion 5', 'Procesor Intel Core i3; Ram 16GB; Dysk 512GB; Karta graficzna Nvidia GeForce 980');
insert into Urzadzenia ([ID klienta], [Typ], [Marka], [Nr seryjny], [Model], [Opis]) values (22, 'Monitor', 'HP', '11662557', 'VivoBook', 'Procesor Intel Core i5; Ram 16GB; Dysk 1TB; Karta graficzna Nvidia GeForce 980');
insert into Urzadzenia ([ID klienta], [Typ], [Marka], [Nr seryjny], [Model], [Opis]) values (23, 'Laptop', 'LG', '18237873', 'Aspite 3', 'Procesor Intel Core i5; Ram 16GB; Dysk 512GB; Karta graficzna Nvidia GeForce 1080');
insert into Urzadzenia ([ID klienta], [Typ], [Marka], [Nr seryjny], [Model], [Opis]) values (24, 'Laptop', 'HP', '25462129', 'Nitro 5', 'Procesor Intel Core i5; Ram 16GB; Dysk 1TB; Karta graficzna Nvidia GeForce 980');
insert into Urzadzenia ([ID klienta], [Typ], [Marka], [Nr seryjny], [Model], [Opis]) values (25, 'Drukarka', 'Dell', '92025303', 'Apisre 7', 'Procesor Intel Core i3; Ram 16GB; Dysk 512GB; Karta graficzna Nvidia GeForce 980');
insert into Urzadzenia ([ID klienta], [Typ], [Marka], [Nr seryjny], [Model], [Opis]) values (2, 'Monitor', 'LG', '72625676', 'Mp Pixma 320', 'Procesor Intel Core i5; Ram 16GB; Dysk 512GB; Karta graficzna Nvidia GeForce 1080');
insert into Urzadzenia ([ID klienta], [Typ], [Marka], [Nr seryjny], [Model], [Opis]) values (27, 'Laptop', 'HP', '23850870', 'VivoBook', 'Procesor Intel Core i7; Ram 16GB; Dysk 512GB; Karta graficzna Nvidia GeForce 980');
insert into Urzadzenia ([ID klienta], [Typ], [Marka], [Nr seryjny], [Model], [Opis]) values (28, 'Laptop', 'Lenovo', '76744558', 'Mp Pixma 320', '');
insert into Urzadzenia ([ID klienta], [Typ], [Marka], [Nr seryjny], [Model], [Opis]) values (29, 'Laptop', 'HP', '69020599', 'Victus 16', 'Procesor Intel Core i5; Ram 16GB; Dysk 512GB; Karta graficzna Nvidia GeForce 1080');
insert into Urzadzenia ([ID klienta], [Typ], [Marka], [Nr seryjny], [Model], [Opis]) values (30, 'Monitor', 'Lenovo', '42510026', 'Legion 5', 'Procesor Intel Core i5; Ram 16GB; Dysk 512GB; Karta graficzna Nvidia GeForce 1080');

insert into Zamowienia ([ID klienta], [ID urzadzenia], [Data przyjecia], [Opis]) values (1, 1, '2022-03-04', 'Uszkodzona karta graficzna');
insert into Zamowienia ([ID klienta], [ID urzadzenia], [Data przyjecia], [Opis]) values (2, 2, '2022-11-23', 'Problem z chlodzeniem');
insert into Zamowienia ([ID klienta], [ID urzadzenia], [Data przyjecia], [Opis]) values (3, 3, '2022-01-22', 'Uszkodzona karta graficzna');
insert into Zamowienia ([ID klienta], [ID urzadzenia], [Data przyjecia], [Opis]) values (4, 4, '2022-02-01', 'Format komputera');
insert into Zamowienia ([ID klienta], [ID urzadzenia], [Data przyjecia], [Opis]) values (5, 5, '2022-07-05', 'Problem z chlodzeniem');
insert into Zamowienia ([ID klienta], [ID urzadzenia], [Data przyjecia], [Opis]) values (6, 6, '2022-04-23', 'Uszkodzona karta graficzna');
insert into Zamowienia ([ID klienta], [ID urzadzenia], [Data przyjecia], [Opis]) values (7, 7, '2022-05-31', 'Format komputera');
insert into Zamowienia ([ID klienta], [ID urzadzenia], [Data przyjecia], [Opis]) values (8, 8, '2022-02-17', 'Format komputera');
insert into Zamowienia ([ID klienta], [ID urzadzenia], [Data przyjecia], [Opis]) values (9, 9, '2022-09-26', 'Problem z chlodzeniem');
insert into Zamowienia ([ID klienta], [ID urzadzenia], [Data przyjecia], [Opis]) values (10, 10, '2022-10-11', 'Problem z procesorem');
insert into Zamowienia ([ID klienta], [ID urzadzenia], [Data przyjecia], [Opis]) values (11, 11, '2022-07-12', 'Uszkodzona karta graficzna');
insert into Zamowienia ([ID klienta], [ID urzadzenia], [Data przyjecia], [Opis]) values (12, 12, '2022-06-19', 'Nie wlacza sie');
insert into Zamowienia ([ID klienta], [ID urzadzenia], [Data przyjecia], [Opis]) values (13, 13, '2022-04-12', 'Klawiatura nie dziala');
insert into Zamowienia ([ID klienta], [ID urzadzenia], [Data przyjecia], [Opis]) values (14, 14, '2022-01-20', 'Problem z procesorem');
insert into Zamowienia ([ID klienta], [ID urzadzenia], [Data przyjecia], [Opis]) values (15, 15, '2022-02-16', 'Problem z chlodzeniem');
insert into Zamowienia ([ID klienta], [ID urzadzenia], [Data przyjecia], [Opis]) values (16, 16, '2022-10-16', 'Nie wlacza sie');
insert into Zamowienia ([ID klienta], [ID urzadzenia], [Data przyjecia], [Opis]) values (17, 17, '2022-08-18', 'Nie wlacza sie');
insert into Zamowienia ([ID klienta], [ID urzadzenia], [Data przyjecia], [Opis]) values (18, 18, '2022-07-06', 'Uszkodzone porty');
insert into Zamowienia ([ID klienta], [ID urzadzenia], [Data przyjecia], [Opis]) values (19, 19, '2022-06-17', 'Problem z procesorem');
insert into Zamowienia ([ID klienta], [ID urzadzenia], [Data przyjecia], [Opis]) values (20, 20, '2022-10-29', 'Uszkodzone porty');
insert into Zamowienia ([ID klienta], [ID urzadzenia], [Data przyjecia], [Opis]) values (21, 21, '2022-03-09', 'Nie wlacza sie');
insert into Zamowienia ([ID klienta], [ID urzadzenia], [Data przyjecia], [Opis]) values (22, 22, '2022-04-19', 'Problem z procesorem');
insert into Zamowienia ([ID klienta], [ID urzadzenia], [Data przyjecia], [Opis]) values (23, 23, '2022-12-19', 'Zawirusowany');
insert into Zamowienia ([ID klienta], [ID urzadzenia], [Data przyjecia], [Opis]) values (24, 24, '2022-08-06', 'Uszkodzone porty');
insert into Zamowienia ([ID klienta], [ID urzadzenia], [Data przyjecia], [Opis]) values (25, 25, '2022-10-23', 'Uszkodzone porty');
insert into Zamowienia ([ID klienta], [ID urzadzenia], [Data przyjecia], [Opis]) values (26, 26, '2022-08-13', 'Zepsuta matryca');
insert into Zamowienia ([ID klienta], [ID urzadzenia], [Data przyjecia], [Opis]) values (27, 27, '2022-11-12', 'Problem z chlodzeniem');
insert into Zamowienia ([ID klienta], [ID urzadzenia], [Data przyjecia], [Opis]) values (28, 28, '2022-03-24', 'Nie wlacza sie');
insert into Zamowienia ([ID klienta], [ID urzadzenia], [Data przyjecia], [Opis]) values (29, 29, '2022-10-05', 'Uszkodzone porty');
insert into Zamowienia ([ID klienta], [ID urzadzenia], [Data przyjecia], [Opis]) values (30, 30, '2022-07-29', 'Format komputera');


insert into Naprawy ([ID zamowienia], [ID pracownika], [Data rozpoczecia]) values (2, 41, '2022-05-11');
insert into Naprawy ([ID zamowienia], [ID pracownika], [Data rozpoczecia]) values (2, 43, '2022-06-02');
insert into Naprawy ([ID zamowienia], [ID pracownika], [Data rozpoczecia]) values (2, 46, '2022-07-02');
insert into Naprawy ([ID zamowienia], [ID pracownika], [Data rozpoczecia]) values (2, 41, '2023-01-08');
insert into Naprawy ([ID zamowienia], [ID pracownika], [Data rozpoczecia]) values (5, 45, '2021-02-03');
insert into Naprawy ([ID zamowienia], [ID pracownika], [Data rozpoczecia]) values (6, 41, '2022-10-22');
insert into Naprawy ([ID zamowienia], [ID pracownika], [Data rozpoczecia]) values (7, 49, '2022-04-03');
insert into Naprawy ([ID zamowienia], [ID pracownika], [Data rozpoczecia]) values (8, 45, '2021-04-21');
insert into Naprawy ([ID zamowienia], [ID pracownika], [Data rozpoczecia]) values (9, 48, '2021-06-13');
insert into Naprawy ([ID zamowienia], [ID pracownika], [Data rozpoczecia]) values (10, 42, '2023-01-05');
insert into Naprawy ([ID zamowienia], [ID pracownika], [Data rozpoczecia]) values (11, 44, '2021-07-23');
insert into Naprawy ([ID zamowienia], [ID pracownika], [Data rozpoczecia]) values (12, 48, '2022-03-25');
insert into Naprawy ([ID zamowienia], [ID pracownika], [Data rozpoczecia]) values (13, 46, '2021-11-24');
insert into Naprawy ([ID zamowienia], [ID pracownika], [Data rozpoczecia]) values (14, 44, '2022-11-12');
insert into Naprawy ([ID zamowienia], [ID pracownika], [Data rozpoczecia]) values (15, 45, '2021-07-21');
insert into Naprawy ([ID zamowienia], [ID pracownika], [Data rozpoczecia]) values (16, 41, '2022-09-07');
insert into Naprawy ([ID zamowienia], [ID pracownika], [Data rozpoczecia]) values (17, 41, '2022-04-15');
insert into Naprawy ([ID zamowienia], [ID pracownika], [Data rozpoczecia]) values (18, 44, '2021-02-10');
insert into Naprawy ([ID zamowienia], [ID pracownika], [Data rozpoczecia]) values (19, 48, '2022-05-27');
insert into Naprawy ([ID zamowienia], [ID pracownika], [Data rozpoczecia]) values (20, 41, '2022-07-13');
insert into Naprawy ([ID zamowienia], [ID pracownika], [Data rozpoczecia]) values (21, 45, '2021-05-14');
insert into Naprawy ([ID zamowienia], [ID pracownika], [Data rozpoczecia]) values (22, 45, '2021-04-14');
insert into Naprawy ([ID zamowienia], [ID pracownika], [Data rozpoczecia]) values (23, 46, '2022-11-17');
insert into Naprawy ([ID zamowienia], [ID pracownika], [Data rozpoczecia]) values (24, 43, '2022-06-01');
insert into Naprawy ([ID zamowienia], [ID pracownika], [Data rozpoczecia]) values (25, 42, '2021-08-12');
insert into Naprawy ([ID zamowienia], [ID pracownika], [Data rozpoczecia]) values (26, 41, '2022-10-26');
insert into Naprawy ([ID zamowienia], [ID pracownika], [Data rozpoczecia]) values (27, 42, '2022-04-27');
insert into Naprawy ([ID zamowienia], [ID pracownika], [Data rozpoczecia]) values (28, 47, '2021-06-12');
insert into Naprawy ([ID zamowienia], [ID pracownika], [Data rozpoczecia]) values (29, 48, '2022-03-10');
insert into Naprawy ([ID zamowienia], [ID pracownika], [Data rozpoczecia]) values (30, 47, '2022-04-21');

insert into Faktury ([ID zamowienia], [Data wystawienia], [ID odbiorcy], [Cena]) values (1, '2022-02-02', 21, '$229.67');
insert into Faktury ([ID zamowienia], [Data wystawienia], [ID odbiorcy], [Cena]) values (2, '2022-11-20', 34, '$394.49');
insert into Faktury ([ID zamowienia], [Data wystawienia], [ID odbiorcy], [Cena]) values (3, '2022-06-18', 32, '$464.45');
insert into Faktury ([ID zamowienia], [Data wystawienia], [ID odbiorcy], [Cena]) values (4, '2022-04-20', 34, '$327.31');
insert into Faktury ([ID zamowienia], [Data wystawienia], [ID odbiorcy], [Cena]) values (5, '2022-10-04', 10, '$289.34');
insert into Faktury ([ID zamowienia], [Data wystawienia], [ID odbiorcy], [Cena]) values (6, '2022-04-14', 36, '$232.39');
insert into Faktury ([ID zamowienia], [Data wystawienia], [ID odbiorcy], [Cena]) values (7, '2022-10-15', 9, '$451.12');
insert into Faktury ([ID zamowienia], [Data wystawienia], [ID odbiorcy], [Cena]) values (8, '2022-08-22', 5, '$187.83');
insert into Faktury ([ID zamowienia], [Data wystawienia], [ID odbiorcy], [Cena]) values (9, '2022-04-02', 33, '$280.37');
insert into Faktury ([ID zamowienia], [Data wystawienia], [ID odbiorcy], [Cena]) values (10, '2022-06-06', 30, '$421.03');
insert into Faktury ([ID zamowienia], [Data wystawienia], [ID odbiorcy], [Cena]) values (11, '2022-06-05', 21, '$278.46');
insert into Faktury ([ID zamowienia], [Data wystawienia], [ID odbiorcy], [Cena]) values (12, '2022-10-04', 22, '$307.57');
insert into Faktury ([ID zamowienia], [Data wystawienia], [ID odbiorcy], [Cena]) values (13, '2023-01-14', 27, '$186.22');
insert into Faktury ([ID zamowienia], [Data wystawienia], [ID odbiorcy], [Cena]) values (14, '2022-12-30', 36, '$324.16');
insert into Faktury ([ID zamowienia], [Data wystawienia], [ID odbiorcy], [Cena]) values (15, '2022-11-25', 12, '$213.46');
insert into Faktury ([ID zamowienia], [Data wystawienia], [ID odbiorcy], [Cena]) values (16, '2022-04-20', 39, '$445.54');
insert into Faktury ([ID zamowienia], [Data wystawienia], [ID odbiorcy], [Cena]) values (17, '2022-10-24', 6, '$172.98');
insert into Faktury ([ID zamowienia], [Data wystawienia], [ID odbiorcy], [Cena]) values (18, '2022-03-19', 26, '$336.33');
insert into Faktury ([ID zamowienia], [Data wystawienia], [ID odbiorcy], [Cena]) values (19, '2022-08-22', 37, '$165.50');
insert into Faktury ([ID zamowienia], [Data wystawienia], [ID odbiorcy], [Cena]) values (20, '2022-07-22', 37, '$125.60');
insert into Faktury ([ID zamowienia], [Data wystawienia], [ID odbiorcy], [Cena]) values (21, '2022-06-25', 22, '$455.84');
insert into Faktury ([ID zamowienia], [Data wystawienia], [ID odbiorcy], [Cena]) values (22, '2022-11-08', 35, '$428.05');
insert into Faktury ([ID zamowienia], [Data wystawienia], [ID odbiorcy], [Cena]) values (23, '2022-03-07', 13, '$174.05');
insert into Faktury ([ID zamowienia], [Data wystawienia], [ID odbiorcy], [Cena]) values (24, '2022-10-22', 16, '$272.22');
insert into Faktury ([ID zamowienia], [Data wystawienia], [ID odbiorcy], [Cena]) values (25, '2022-11-15', 23, '$484.37');
insert into Faktury ([ID zamowienia], [Data wystawienia], [ID odbiorcy], [Cena]) values (26, '2022-12-25', 24, '$396.92');
insert into Faktury ([ID zamowienia], [Data wystawienia], [ID odbiorcy], [Cena]) values (27, '2022-03-03', 10, '$162.96');
insert into Faktury ([ID zamowienia], [Data wystawienia], [ID odbiorcy], [Cena]) values (28, '2022-06-19', 28, '$474.86');
insert into Faktury ([ID zamowienia], [Data wystawienia], [ID odbiorcy], [Cena]) values (29, '2022-01-18', 12, '$341.63');
insert into Faktury ([ID zamowienia], [Data wystawienia], [ID odbiorcy], [Cena]) values (30, '2022-05-31', 32, '$368.95');

insert into Magazyn ([Nazwa], [Opis], [Ilosc]) values ('Procesor', 'Intel Core i7', 4);
insert into Magazyn ([Nazwa], [Opis], [Ilosc]) values ('Procesor', 'Intel Core i5', 3);
insert into Magazyn ([Nazwa], [Opis], [Ilosc]) values ('Karta graficzna', 'GeForce RTX 3010', 1);
insert into Magazyn ([Nazwa], [Opis], [Ilosc]) values ('Klawiatura', 'Razer', 3);
insert into Magazyn ([Nazwa], [Opis], [Ilosc]) values ('Pamiec RAM', '16GB', 3);
insert into Magazyn ([Nazwa], [Opis], [Ilosc]) values ('Dysk', '1TB', 1);
insert into Magazyn ([Nazwa], [Opis], [Ilosc]) values ('Myszka', 'Razer', 4);